Model,Avg GLEU,Avg Exact Match,Num Samples,Error
StableCode-Instruct-3B,0.06028129886087594,0.0,200,
Llama-3-8B-Instruct,0.24058730261078332,0.005,200,
Llama-3.1-8B-Instruct,0.23307688822692413,0.005,200,
CodeLlama-7B-Instruct,0.22829070984590827,0.005,200,
Gemma-2-9B-IT,0.26942881454400747,0.01,200,
CodeGemma-7B-IT,0.2564288474736331,0.0,200,
